{
  "a1": 1.8010621358958678,
  "a2": 0.6225617876932537,
  "a3": 0.3754854485314367,
  "b1": 1.1762252982597583,
  "b2": 0.8035462736028345,
  "b3": 0.11706312419066472,
  "c1": 1.316944146763391,
  "c2": 1.0189296160645163,
  "c3": 1.3985495822308691
}