{
  "a1": 0.5290087331731023,
  "a2": 0.4419030305875148,
  "a3": 0.9028398557252112,
  "b1": 1.7429227158628124,
  "b2": 0.27319533575108856,
  "b3": 0.7363157440609096,
  "c1": 1.8035198697202157,
  "c2": 0.21958170360959403,
  "c3": 1.6790218326786854
}