{
  "a1": 0.9168288965978981,
  "a2": 0.48625452757722337,
  "a3": 0.11320260217786804,
  "b1": 0.49231476088174864,
  "b2": 0.23728586201239368,
  "b3": 0.27165073547144286,
  "c1": 0.9151567658613647,
  "c2": 0.5405425292590782,
  "c3": 0.6306570056376775
}