{
  "a1": 0.8838705395045322,
  "a2": 0.5005667553991312,
  "a3": 0.3079738852676337,
  "b1": 0.7004043183099776,
  "b2": 0.48932993969811145,
  "b3": 0.28275056956611727,
  "c1": 0.6848246342415593,
  "c2": 0.453742586922467,
  "c3": 0.39531765390120854
}