{
  "a1": 1.7146806025053205,
  "a2": 1.1292752441685516,
  "a3": 1.2975763842813461,
  "b1": 1.1942019178489502,
  "b2": 0.893284314064045,
  "b3": 0.9559961309693148,
  "c1": 0.5677619231286994,
  "c2": 0.5065591794360738,
  "c3": 0.729227228169608
}