{
  "L_weights": {
    "tortuosity": 0.37744272929623596,
    "inv_minRadius": 0.1613249214410143,
    "length": 0.46123234926230516
  },
  "H_weights": {
    "maxCurvature": 0.2700607327824483,
    "tortuosity": 0.5721082609476859,
    "meanCurvature": 0.1578310062692873
  }
}